country,city,season,checkin,checkout,name,price,score,review_label,review_count,location
Tunisia,Tunis,May_Spring,2026-05-10,2026-05-11,,N/A,N/A,N/A,N/A,
Tunisia,Tunis,May_Spring,2026-05-10,2026-05-11,,N/A,N/A,N/A,N/A,
Tunisia,Tunis,May_Spring,2026-05-10,2026-05-11,,N/A,N/A,N/A,N/A,
Tunisia,Tunis,May_Spring,2026-05-10,2026-05-11,,N/A,N/A,N/A,N/A,
Tunisia,Tunis,May_Spring,2026-05-10,2026-05-11,,N/A,N/A,N/A,N/A,
Tunisia,Tunis,May_Spring,2026-05-10,2026-05-11,,N/A,N/A,N/A,N/A,
Tunisia,Tunis,May_Spring,2026-05-10,2026-05-11,,N/A,N/A,N/A,N/A,
Tunisia,Tunis,May_Spring,2026-05-10,2026-05-11,,N/A,N/A,N/A,N/A,
Tunisia,Tunis,May_Spring,2026-05-10,2026-05-11,,N/A,N/A,N/A,N/A,
Tunisia,Tunis,May_Spring,2026-05-10,2026-05-11,,N/A,N/A,N/A,N/A,
Tunisia,Tunis,May_Spring,2026-05-10,2026-05-11,,N/A,N/A,N/A,N/A,
Tunisia,Tunis,May_Spring,2026-05-10,2026-05-11,,N/A,N/A,N/A,N/A,
Tunisia,Tunis,May_Spring,2026-05-10,2026-05-11,,N/A,N/A,N/A,N/A,
Tunisia,Tunis,May_Spring,2026-05-10,2026-05-11,,N/A,N/A,N/A,N/A,
Tunisia,Tunis,May_Spring,2026-05-10,2026-05-11,,N/A,N/A,N/A,N/A,
Tunisia,Tunis,May_Spring,2026-05-10,2026-05-11,,N/A,N/A,N/A,N/A,
Tunisia,Tunis,May_Spring,2026-05-10,2026-05-11,,N/A,N/A,N/A,N/A,
Tunisia,Tunis,May_Spring,2026-05-10,2026-05-11,,N/A,N/A,N/A,N/A,
Tunisia,Tunis,May_Spring,2026-05-10,2026-05-11,,N/A,N/A,N/A,N/A,
Tunisia,Tunis,May_Spring,2026-05-10,2026-05-11,,N/A,N/A,N/A,N/A,
Tunisia,Tunis,May_Spring,2026-05-10,2026-05-11,,N/A,N/A,N/A,N/A,
Tunisia,Tunis,May_Spring,2026-05-10,2026-05-11,,N/A,N/A,N/A,N/A,
Tunisia,Tunis,May_Spring,2026-05-10,2026-05-11,,N/A,N/A,N/A,N/A,
Tunisia,Tunis,May_Spring,2026-05-10,2026-05-11,,N/A,N/A,N/A,N/A,
Tunisia,Tunis,May_Spring,2026-05-10,2026-05-11,,N/A,N/A,N/A,N/A,
Tunisia,Tunis,May_Spring,2026-05-10,2026-05-11,,N/A,N/A,N/A,N/A,
Tunisia,Tunis,May_Spring,2026-05-10,2026-05-11,,N/A,N/A,N/A,N/A,
Tunisia,Tunis,May_Spring,2026-05-10,2026-05-11,,N/A,N/A,N/A,N/A,
Tunisia,Tunis,May_Spring,2026-05-10,2026-05-11,,N/A,N/A,N/A,N/A,
Tunisia,Tunis,May_Spring,2026-05-10,2026-05-11,,N/A,N/A,N/A,N/A,
Tunisia,Tunis,May_Spring,2026-05-10,2026-05-11,,N/A,N/A,N/A,N/A,
Tunisia,Tunis,May_Spring,2026-05-10,2026-05-11,,N/A,N/A,N/A,N/A,
Tunisia,Tunis,May_Spring,2026-05-10,2026-05-11,,N/A,N/A,N/A,N/A,
Tunisia,Tunis,May_Spring,2026-05-10,2026-05-11,,N/A,N/A,N/A,N/A,
Tunisia,Tunis,May_Spring,2026-05-10,2026-05-11,,N/A,N/A,N/A,N/A,
Tunisia,Tunis,May_Spring,2026-05-10,2026-05-11,,N/A,N/A,N/A,N/A,
Tunisia,Tunis,May_Spring,2026-05-10,2026-05-11,,N/A,N/A,N/A,N/A,
Tunisia,Tunis,May_Spring,2026-05-10,2026-05-11,,N/A,N/A,N/A,N/A,
Tunisia,Tunis,May_Spring,2026-05-10,2026-05-11,,N/A,N/A,N/A,N/A,
Tunisia,Tunis,May_Spring,2026-05-10,2026-05-11,,N/A,N/A,N/A,N/A,
Tunisia,Tunis,May_Spring,2026-05-10,2026-05-11,,N/A,N/A,N/A,N/A,
Tunisia,Tunis,May_Spring,2026-05-10,2026-05-11,,N/A,N/A,N/A,N/A,
Tunisia,Tunis,May_Spring,2026-05-10,2026-05-11,,N/A,N/A,N/A,N/A,
Tunisia,Tunis,May_Spring,2026-05-10,2026-05-11,,N/A,N/A,N/A,N/A,
Tunisia,Tunis,May_Spring,2026-05-10,2026-05-11,,N/A,N/A,N/A,N/A,
Tunisia,Tunis,May_Spring,2026-05-10,2026-05-11,,N/A,N/A,N/A,N/A,
Tunisia,Tunis,May_Spring,2026-05-10,2026-05-11,,N/A,N/A,N/A,N/A,
Tunisia,Tunis,May_Spring,2026-05-10,2026-05-11,,N/A,N/A,N/A,N/A,
Tunisia,Tunis,May_Spring,2026-05-10,2026-05-11,,N/A,N/A,N/A,N/A,
Tunisia,Tunis,May_Spring,2026-05-10,2026-05-11,,N/A,N/A,N/A,N/A,
Tunisia,Tunis,May_Spring,2026-05-10,2026-05-11,,N/A,N/A,N/A,N/A,
Tunisia,Tunis,May_Spring,2026-05-10,2026-05-11,,N/A,N/A,N/A,N/A,
Tunisia,Tunis,May_Spring,2026-05-10,2026-05-11,,N/A,N/A,N/A,N/A,
Tunisia,Tunis,May_Spring,2026-05-10,2026-05-11,,N/A,N/A,N/A,N/A,
Tunisia,Tunis,May_Spring,2026-05-10,2026-05-11,,N/A,N/A,N/A,N/A,
Tunisia,Tunis,May_Spring,2026-05-10,2026-05-11,,N/A,N/A,N/A,N/A,
Tunisia,Tunis,May_Spring,2026-05-10,2026-05-11,,N/A,N/A,N/A,N/A,
Tunisia,Tunis,May_Spring,2026-05-10,2026-05-11,,N/A,N/A,N/A,N/A,
Tunisia,Tunis,May_Spring,2026-05-10,2026-05-11,,N/A,N/A,N/A,N/A,
Tunisia,Tunis,May_Spring,2026-05-10,2026-05-11,,N/A,N/A,N/A,N/A,
Tunisia,Tunis,May_Spring,2026-05-10,2026-05-11,,N/A,N/A,N/A,N/A,
Tunisia,Tunis,May_Spring,2026-05-10,2026-05-11,,N/A,N/A,N/A,N/A,
Tunisia,Tunis,May_Spring,2026-05-10,2026-05-11,,N/A,N/A,N/A,N/A,
Tunisia,Tunis,May_Spring,2026-05-10,2026-05-11,,N/A,N/A,N/A,N/A,
Tunisia,Tunis,May_Spring,2026-05-10,2026-05-11,,N/A,N/A,N/A,N/A,
Tunisia,Tunis,May_Spring,2026-05-10,2026-05-11,,N/A,N/A,N/A,N/A,
Tunisia,Tunis,May_Spring,2026-05-10,2026-05-11,,N/A,N/A,N/A,N/A,
Tunisia,Tunis,May_Spring,2026-05-10,2026-05-11,,N/A,N/A,N/A,N/A,
Tunisia,Tunis,May_Spring,2026-05-10,2026-05-11,,N/A,N/A,N/A,N/A,
Tunisia,Tunis,May_Spring,2026-05-10,2026-05-11,,N/A,N/A,N/A,N/A,
Tunisia,Tunis,May_Spring,2026-05-10,2026-05-11,,N/A,N/A,N/A,N/A,
Tunisia,Tunis,May_Spring,2026-05-10,2026-05-11,,N/A,N/A,N/A,N/A,
Tunisia,Tunis,May_Spring,2026-05-10,2026-05-11,,N/A,N/A,N/A,N/A,
Tunisia,Tunis,May_Spring,2026-05-10,2026-05-11,,N/A,N/A,N/A,N/A,
Tunisia,Tunis,May_Spring,2026-05-10,2026-05-11,,N/A,N/A,N/A,N/A,
